<?xml version="1.0" encoding="UTF-8" ?>
<ehcache xmlns:xsi="http://www.w3.org/2001/XMLSchema-instance" xsi:noNamespaceSchemaLocation="http://ehcache.org/ehcache.xsd" updateCheck="false">

  <defaultCache
    maxElementsInMemory="100"
    eternal="false"
    timeToIdleSeconds="3600"
    timeToLiveSeconds="3600"
    memoryStoreEvictionPolicy="LRU"
    />
  
  <cache 
    name="alertCodeCache" 
    maxElementsInMemory="100"
    eternal="true"
    timeToIdleSeconds="0"
    timeToLiveSeconds="0"
    memoryStoreEvictionPolicy="LRU">
    <cacheExtensionFactory class="nz.govt.police.ehcache.FlushingExtensionFactory" properties="" />
    <cacheDecoratorFactory class="nz.govt.police.ehcache.SelfPopulatingCacheFactory" 
                           properties="entryFactoryName=nz.govt.police.ehcache.AlertCodeFactory" />
  </cache>

  <cache 
    name="associationCodeCache" 
    maxElementsInMemory="100"
    eternal="true"
    timeToIdleSeconds="0"
    timeToLiveSeconds="0"
    memoryStoreEvictionPolicy="LRU">
    <cacheExtensionFactory class="nz.govt.police.ehcache.FlushingExtensionFactory" properties="" />
    <cacheDecoratorFactory class="nz.govt.police.ehcache.SelfPopulatingCacheFactory" 
                           properties="entryFactoryName=nz.govt.police.ehcache.AssociationCodeFactory" />
  </cache>

  <cache 
    name="indexedAssociationCodeCache" 
    maxElementsInMemory="100"
    eternal="true"
    timeToIdleSeconds="0"
    timeToLiveSeconds="0"
    memoryStoreEvictionPolicy="LRU">
    <cacheExtensionFactory class="nz.govt.police.ehcache.FlushingExtensionFactory" properties="" />
    <cacheDecoratorFactory class="nz.govt.police.ehcache.SelfPopulatingCacheFactory" 
                           properties="entryFactoryName=nz.govt.police.ehcache.IndexedAssociationCodeFactory" />
  </cache>

  <cache 
    name="codeTableCache" 
    maxElementsInMemory="1000"
    eternal="true"
    timeToIdleSeconds="0"
    timeToLiveSeconds="0"
    memoryStoreEvictionPolicy="LRU">
    <cacheExtensionFactory class="nz.govt.police.ehcache.BackgroundMonitorExtensionFactory" properties="extensionClass=nz.govt.police.ehcache.CodedValueExtension" />
    <cacheDecoratorFactory class="nz.govt.police.ehcache.SelfPopulatingCacheFactory" properties="entryFactoryName=nz.govt.police.ehcache.CodeTableFactory" />
  </cache>

  <cache 
    name="translationTableCache" 
    maxElementsInMemory="1000"
    eternal="true"
    timeToIdleSeconds="0"
    timeToLiveSeconds="0"
    memoryStoreEvictionPolicy="LRU">
    <cacheExtensionFactory class="nz.govt.police.ehcache.FlushingExtensionFactory" properties="" />
    <cacheDecoratorFactory class="nz.govt.police.ehcache.SelfPopulatingCacheFactory" 
                           properties="entryFactoryName=nz.govt.police.ehcache.TranslationTableFactory" />
  </cache>
  
  <cache 
    name="messageCache" 
    maxElementsInMemory="1000"
    eternal="true"
    timeToIdleSeconds="0"
    timeToLiveSeconds="0"
    memoryStoreEvictionPolicy="LRU">
    <cacheExtensionFactory class="nz.govt.police.ehcache.FlushingExtensionFactory" properties="" />
    <cacheDecoratorFactory class="nz.govt.police.ehcache.SelfPopulatingCacheFactory" 
                           properties="entryFactoryName=nz.govt.police.ehcache.MessageFactory" />
  </cache>
  
  <cache 
    name="SOAP-ACTION" 
    maxElementsInMemory="100"
    eternal="false"
    timeToIdleSeconds="5"
    timeToLiveSeconds="5"
    memoryStoreEvictionPolicy="LRU" >
    
  </cache>
  
  <cache 
    name="ENTITY-LRT" 
    maxElementsInMemory="100"
    eternal="false"
    timeToIdleSeconds="300"
    timeToLiveSeconds="300"
    memoryStoreEvictionPolicy="LRU" />
    
  <cache 
    name="ENTITY-CASE" 
    maxElementsInMemory="100"
    eternal="false"
    timeToIdleSeconds="300"
    timeToLiveSeconds="300"
    memoryStoreEvictionPolicy="LRU" />
    
  <cache 
    name="ENTITY-USER" 
    maxElementsInMemory="100"
    eternal="false"
    timeToIdleSeconds="300"
    timeToLiveSeconds="300"
    memoryStoreEvictionPolicy="LRU" />
    
  <cache 
    name="ENTITY-PERSON" 
    maxElementsInMemory="100"
    eternal="false"
    timeToIdleSeconds="300"
    timeToLiveSeconds="300"
    memoryStoreEvictionPolicy="LRU">
        <cacheDecoratorFactory 
            class="nz.govt.police.ehcache.NiaObjectCacheFactory" 
            properties="versionCheckFactoryName=nz.govt.police.ehcache.PersonVersionCheckFactory,timeToVersionCheckSeconds=180" />
    </cache>

  <cache 
    name="ENTITY-RECORD" 
    maxElementsInMemory="100"
    eternal="false"
    timeToIdleSeconds="300"
    timeToLiveSeconds="300"
    memoryStoreEvictionPolicy="LRU" />

  <cache 
    name="ENTITY-ORGANISATION" 
    maxElementsInMemory="100"
    eternal="false"
    timeToIdleSeconds="300"
    timeToLiveSeconds="300"
    memoryStoreEvictionPolicy="LRU" 
    >
     <cacheDecoratorFactory 
            class="nz.govt.police.ehcache.NiaObjectCacheFactory" 
            properties="versionCheckFactoryName=nz.govt.police.ehcache.OrganisationVersionCheckFactory,timeToVersionCheckSeconds=180" />
  </cache>

  <cache 
    name="ENTITY-ITEM" 
    maxElementsInMemory="100"
    eternal="false"
    timeToIdleSeconds="300"
    timeToLiveSeconds="300"
    memoryStoreEvictionPolicy="LRU" >
     <cacheDecoratorFactory 
            class="nz.govt.police.ehcache.NiaObjectCacheFactory" 
            properties="versionCheckFactoryName=nz.govt.police.ehcache.ItemVersionCheckFactory,timeToVersionCheckSeconds=180" />
  </cache>

  <cache 
    name="ENTITY-LOCATION" 
    maxElementsInMemory="100"
    eternal="false"
    timeToIdleSeconds="300"
    timeToLiveSeconds="300"
    memoryStoreEvictionPolicy="LRU" >
     <cacheDecoratorFactory 
            class="nz.govt.police.ehcache.NiaObjectCacheFactory" 
            properties="versionCheckFactoryName=nz.govt.police.ehcache.LocationVersionCheckFactory,timeToVersionCheckSeconds=10" />
  </cache>
    
  <cache 
    name="ENTITY-OFFENCE" 
    maxElementsInMemory="100"
    eternal="false"
    timeToIdleSeconds="300"
    timeToLiveSeconds="300"
    memoryStoreEvictionPolicy="LRU" />
    
  <cache 
    name="ENTITY-VEHICLE" 
    maxElementsInMemory="100"
    eternal="false"
    timeToIdleSeconds="300"
    timeToLiveSeconds="300"
    memoryStoreEvictionPolicy="LRU" >
     <cacheDecoratorFactory 
            class="nz.govt.police.ehcache.NiaObjectCacheFactory" 
            properties="versionCheckFactoryName=nz.govt.police.ehcache.VehicleVersionCheckFactory,timeToVersionCheckSeconds=10" />
  </cache>
    
  <cache 
    name="ENTITY-LINK" 
    maxElementsInMemory="100"
    eternal="false"
    timeToIdleSeconds="300"
    timeToLiveSeconds="300"
    memoryStoreEvictionPolicy="LRU" >
    
  </cache>
    
  <cache 
    name="FEATURE_FLAG" 
    maxElementsInMemory="100"
    eternal="false"
    timeToIdleSeconds="300"
    timeToLiveSeconds="300"
    memoryStoreEvictionPolicy="LRU" >
    
  </cache>

</ehcache>
