<?xml version="1.0" encoding="UTF-8"?>
<configuration>
	<!-- base.xml is the default spring boot logging -->
	<include
		resource="org/springframework/boot/logging/logback/base.xml" />
		
	<springProperty scope="context" name="app-id" source="application.id"/>

	<springProfile name="!workspace">
		<appender name="GELF"
			class="biz.paluch.logging.gelf.logback.GelfLogbackAppender">
			<springProfile name="dev,int,auto1,st,at">
				<host>udp:ztredvmlg1.police.govt.nz</host>
				<port>10515</port>
			</springProfile>
			<springProfile name="educ,prod">
				<host>udp:zpredvmlg1.police.govt.nz</host>
				<port>10515</port>
			</springProfile>
			<version>1.0</version>
			<facility>user-level</facility>
			<extractStackTrace>true</extractStackTrace>
			<filterStackTrace>false</filterStackTrace>
			<mdcProfiling>true</mdcProfiling>
			<includeFullMdc>true</includeFullMdc>
			<timestampPattern>yyyy-MM-dd HH:mm:ss,SSSS</timestampPattern>
			<maximumMessageSize>16384</maximumMessageSize>
			<additionalFields>infra_type=icp,app_name=${app-id},nzp-app-name=${app-id}
			</additionalFields>
			<springProfile name="dev">
				<additionalFields>environment=dev</additionalFields>
			</springProfile>
			<springProfile name="int">
				<additionalFields>environment=int</additionalFields>
			</springProfile>
			<springProfile name="auto1">
				<additionalFields>environment=auto1</additionalFields>
			</springProfile>
			<springProfile name="st">
				<additionalFields>environment=st</additionalFields>
			</springProfile>
			<springProfile name="at">
				<additionalFields>environment=at</additionalFields>
			</springProfile>
			<springProfile name="educ">
				<additionalFields>environment=educ</additionalFields>
			</springProfile>
			<springProfile name="prod">
				<additionalFields>environment=prod</additionalFields>
			</springProfile>
		</appender>
	</springProfile>

	<root level="INFO">
		<appender-ref ref="CONSOLE" />
		<springProfile name="!workspace">
			<appender-ref ref="GELF" />
		</springProfile>
	</root>

	<springProfile name="!workspace,!dev">
		<logger name="nz.govt.police" level="INFO">
		</logger>
	</springProfile>

	<springProfile name="workspace,dev,int,auto1">
		<logger name="nz.govt.police" level="DEBUG">
		</logger>
	</springProfile>
</configuration>